{"fx": 910.2786865234375, "fy": 910.1160888671875, "ppx": 649.3560180664062, "ppy": 369.1958923339844, "height": 720, "width": 1280, "depth_scale": 0.0010000000474974513}